,mean_fit_time,std_fit_time,mean_score_time,std_score_time,param_C,param_kernel,param_max_iter,param_gamma,params,split0_test_score,split1_test_score,split2_test_score,split3_test_score,split4_test_score,split5_test_score,split6_test_score,split7_test_score,split8_test_score,mean_test_score,std_test_score,rank_test_score,split0_train_score,split1_train_score,split2_train_score,split3_train_score,split4_train_score,split5_train_score,split6_train_score,split7_train_score,split8_train_score,mean_train_score,std_train_score
0,0.0010007487403021918,8.629187194848266e-05,0.0004360940721299913,1.583862170559675e-05,0.01,linear,100000,,"{'C': 0.01, 'kernel': 'linear', 'max_iter': 100000}",0.5,0.5,0.5,0.5,0.5833333333333334,0.5833333333333334,0.5833333333333334,0.5833333333333334,0.5833333333333334,0.5462962962962963,0.041408666249996125,11,0.5520833333333334,0.5520833333333334,0.5520833333333334,0.5520833333333334,0.5416666666666666,0.5416666666666666,0.5416666666666666,0.5416666666666666,0.5416666666666666,0.5462962962962963,0.00517608328124955
1,0.0013547738393147786,0.0001790772018821324,0.0003753503163655599,6.805837809771697e-05,1.0,linear,100000,,"{'C': 1.0, 'kernel': 'linear', 'max_iter': 100000}",0.4166666666666667,0.4166666666666667,0.5833333333333334,0.6666666666666666,0.5,0.5,0.5833333333333334,0.5833333333333334,0.5833333333333334,0.537037037037037,0.07965115988002432,46,0.75,0.6770833333333334,0.6458333333333334,0.6041666666666666,0.65625,0.6770833333333334,0.6145833333333334,0.65625,0.59375,0.6527777777777778,0.04473645391224002
2,0.03167867660522461,0.003693243804886843,0.0005076726277669271,8.67846539018567e-05,100.0,linear,100000,,"{'C': 100.0, 'kernel': 'linear', 'max_iter': 100000}",0.5833333333333334,0.5,0.5,0.5,0.5833333333333334,0.4166666666666667,0.75,0.75,0.5,0.5648148148148149,0.10955703302036326,2,0.7083333333333334,0.6979166666666666,0.7083333333333334,0.65625,0.7083333333333334,0.71875,0.6770833333333334,0.65625,0.6875,0.6909722222222222,0.021960261528947086
3,0.0925130844116211,0.0022976373054611116,0.0004780822330050998,1.9053202604927683e-05,10000.0,linear,100000,,"{'C': 10000.0, 'kernel': 'linear', 'max_iter': 100000}",0.5,0.75,0.4166666666666667,0.6666666666666666,0.5,0.4166666666666667,0.4166666666666667,0.6666666666666666,0.4166666666666667,0.5277777777777778,0.12422599874998831,49,0.5625,0.59375,0.53125,0.5416666666666666,0.4895833333333333,0.5104166666666666,0.5208333333333334,0.53125,0.5104166666666666,0.5324074074074074,0.02923456236184049
4,0.09279693497551812,0.0029719991599921084,0.000476890140109592,4.0499166219430465e-05,1000000.0,linear,100000,,"{'C': 1000000.0, 'kernel': 'linear', 'max_iter': 100000}",0.5833333333333334,0.3333333333333333,0.4166666666666667,0.5,0.4166666666666667,0.75,0.4166666666666667,0.6666666666666666,0.4166666666666667,0.5000000000000001,0.13028932666176193,51,0.40625,0.5,0.5520833333333334,0.4479166666666667,0.4791666666666667,0.4270833333333333,0.5104166666666666,0.5104166666666666,0.5104166666666666,0.4826388888888889,0.04419417382415922
5,0.0913512176937527,0.0026826581973913946,0.0005067719353569879,3.002919859866738e-05,100000000.0,linear,100000,,"{'C': 100000000.0, 'kernel': 'linear', 'max_iter': 100000}",0.5833333333333334,0.3333333333333333,0.4166666666666667,0.5,0.4166666666666667,0.75,0.4166666666666667,0.6666666666666666,0.4166666666666667,0.5000000000000001,0.13028932666176193,51,0.40625,0.5,0.5520833333333334,0.4479166666666667,0.4791666666666667,0.4270833333333333,0.5104166666666666,0.5104166666666666,0.5104166666666666,0.4826388888888889,0.04419417382415922
6,0.09528292549981011,0.006862478332716809,0.00048348638746473525,1.7781488737996544e-05,10000000000.0,linear,100000,,"{'C': 10000000000.0, 'kernel': 'linear', 'max_iter': 100000}",0.5833333333333334,0.3333333333333333,0.4166666666666667,0.5,0.4166666666666667,0.75,0.4166666666666667,0.6666666666666666,0.4166666666666667,0.5000000000000001,0.13028932666176193,51,0.40625,0.5,0.5520833333333334,0.4479166666666667,0.4791666666666667,0.4270833333333333,0.5104166666666666,0.5104166666666666,0.5104166666666666,0.4826388888888889,0.04419417382415922
7,0.0009073416392008463,2.562528389462357e-05,0.0004036426544189453,1.0787836957164348e-05,0.01,rbf,100000,1e-09,"{'C': 0.01, 'gamma': 1e-09, 'kernel': 'rbf', 'max_iter': 100000}",0.5,0.5,0.5,0.5,0.5833333333333334,0.5833333333333334,0.5833333333333334,0.5833333333333334,0.5833333333333334,0.5462962962962963,0.041408666249996125,11,0.5520833333333334,0.5520833333333334,0.5520833333333334,0.5520833333333334,0.5416666666666666,0.5416666666666666,0.5416666666666666,0.5416666666666666,0.5416666666666666,0.5462962962962963,0.00517608328124955
8,0.0008990764617919922,2.6061282245711744e-05,0.00040027830335828994,6.940528635933799e-06,0.01,rbf,100000,1e-07,"{'C': 0.01, 'gamma': 1e-07, 'kernel': 'rbf', 'max_iter': 100000}",0.5,0.5,0.5,0.5,0.5833333333333334,0.5833333333333334,0.5833333333333334,0.5833333333333334,0.5833333333333334,0.5462962962962963,0.041408666249996125,11,0.5520833333333334,0.5520833333333334,0.5520833333333334,0.5520833333333334,0.5416666666666666,0.5416666666666666,0.5416666666666666,0.5416666666666666,0.5416666666666666,0.5462962962962963,0.00517608328124955
9,0.0008920298682318793,3.0494412744314224e-05,0.0004006226857503255,7.0026368369772235e-06,0.01,rbf,100000,1e-05,"{'C': 0.01, 'gamma': 1e-05, 'kernel': 'rbf', 'max_iter': 100000}",0.5,0.5,0.5,0.5,0.5833333333333334,0.5833333333333334,0.5833333333333334,0.5833333333333334,0.5833333333333334,0.5462962962962963,0.041408666249996125,11,0.5520833333333334,0.5520833333333334,0.5520833333333334,0.5520833333333334,0.5416666666666666,0.5416666666666666,0.5416666666666666,0.5416666666666666,0.5416666666666666,0.5462962962962963,0.00517608328124955
10,0.0009584426879882812,8.35291135678206e-05,0.00040952364603678387,1.2175179855678903e-05,0.01,rbf,100000,0.001,"{'C': 0.01, 'gamma': 0.001, 'kernel': 'rbf', 'max_iter': 100000}",0.5,0.5,0.5,0.5,0.5833333333333334,0.5833333333333334,0.5833333333333334,0.5833333333333334,0.5833333333333334,0.5462962962962963,0.041408666249996125,11,0.5520833333333334,0.5520833333333334,0.5520833333333334,0.5520833333333334,0.5416666666666666,0.5416666666666666,0.5416666666666666,0.5416666666666666,0.5416666666666666,0.5462962962962963,0.00517608328124955
11,0.0009276072184244791,1.7033909522105604e-05,0.000406291749742296,7.579098294385538e-06,0.01,rbf,100000,0.1,"{'C': 0.01, 'gamma': 0.1, 'kernel': 'rbf', 'max_iter': 100000}",0.5,0.5,0.5,0.5,0.5833333333333334,0.5833333333333334,0.5833333333333334,0.5833333333333334,0.5833333333333334,0.5462962962962963,0.041408666249996125,11,0.5520833333333334,0.5520833333333334,0.5520833333333334,0.5520833333333334,0.5416666666666666,0.5416666666666666,0.5416666666666666,0.5416666666666666,0.5416666666666666,0.5462962962962963,0.00517608328124955
12,0.0010284847683376735,2.983140115483484e-05,0.0004188484615749783,8.37130888437014e-06,0.01,rbf,100000,10.0,"{'C': 0.01, 'gamma': 10.0, 'kernel': 'rbf', 'max_iter': 100000}",0.5,0.5,0.5,0.5,0.5833333333333334,0.5833333333333334,0.5833333333333334,0.5833333333333334,0.5833333333333334,0.5462962962962963,0.041408666249996125,11,0.5520833333333334,0.5520833333333334,0.5520833333333334,0.5520833333333334,0.5416666666666666,0.5416666666666666,0.5416666666666666,0.5416666666666666,0.5416666666666666,0.5462962962962963,0.00517608328124955
13,0.0009548399183485243,0.00015308797551997325,0.000992033216688368,0.0017117329532371035,0.01,rbf,100000,1000.0,"{'C': 0.01, 'gamma': 1000.0, 'kernel': 'rbf', 'max_iter': 100000}",0.5,0.5,0.5,0.5,0.5833333333333334,0.5833333333333334,0.5833333333333334,0.5833333333333334,0.5833333333333334,0.5462962962962963,0.041408666249996125,11,0.5520833333333334,0.5520833333333334,0.5520833333333334,0.5520833333333334,0.5416666666666666,0.5416666666666666,0.5416666666666666,0.5416666666666666,0.5416666666666666,0.5462962962962963,0.00517608328124955
14,0.0010870297749837239,0.0003682995261099916,0.0009918742709689671,0.0016153403139569954,1.0,rbf,100000,1e-09,"{'C': 1.0, 'gamma': 1e-09, 'kernel': 'rbf', 'max_iter': 100000}",0.5,0.5,0.5,0.5,0.5833333333333334,0.5833333333333334,0.5833333333333334,0.5833333333333334,0.5833333333333334,0.5462962962962963,0.041408666249996125,11,0.5520833333333334,0.5520833333333334,0.5520833333333334,0.5520833333333334,0.5416666666666666,0.5416666666666666,0.5416666666666666,0.5416666666666666,0.5416666666666666,0.5462962962962963,0.00517608328124955
15,0.0009196069505479601,2.550953628376059e-05,0.00040570894877115887,9.275541623729982e-06,1.0,rbf,100000,1e-07,"{'C': 1.0, 'gamma': 1e-07, 'kernel': 'rbf', 'max_iter': 100000}",0.5,0.5,0.5,0.5,0.5833333333333334,0.5833333333333334,0.5833333333333334,0.5833333333333334,0.5833333333333334,0.5462962962962963,0.041408666249996125,11,0.5520833333333334,0.5520833333333334,0.5520833333333334,0.5520833333333334,0.5416666666666666,0.5416666666666666,0.5416666666666666,0.5416666666666666,0.5416666666666666,0.5462962962962963,0.00517608328124955
16,0.0010522736443413629,0.00036952952042604753,0.0004180802239312066,2.9640950007122124e-05,1.0,rbf,100000,1e-05,"{'C': 1.0, 'gamma': 1e-05, 'kernel': 'rbf', 'max_iter': 100000}",0.5,0.5,0.5,0.5,0.5833333333333334,0.5833333333333334,0.5833333333333334,0.5833333333333334,0.5833333333333334,0.5462962962962963,0.041408666249996125,11,0.5520833333333334,0.5520833333333334,0.5520833333333334,0.5520833333333334,0.5416666666666666,0.5416666666666666,0.5416666666666666,0.5416666666666666,0.5416666666666666,0.5462962962962963,0.00517608328124955
17,0.0009506278567843967,1.653370830015583e-05,0.0004070864783393012,4.543333635460721e-06,1.0,rbf,100000,0.001,"{'C': 1.0, 'gamma': 0.001, 'kernel': 'rbf', 'max_iter': 100000}",0.5,0.5,0.5,0.5,0.5833333333333334,0.5833333333333334,0.5833333333333334,0.5833333333333334,0.5833333333333334,0.5462962962962963,0.041408666249996125,11,0.5520833333333334,0.5520833333333334,0.5520833333333334,0.5520833333333334,0.5416666666666666,0.5416666666666666,0.5416666666666666,0.5416666666666666,0.5416666666666666,0.5462962962962963,0.00517608328124955
18,0.0009542306264241537,1.530342725360986e-05,0.00040684805976019963,3.1067914118404933e-06,1.0,rbf,100000,0.1,"{'C': 1.0, 'gamma': 0.1, 'kernel': 'rbf', 'max_iter': 100000}",0.5,0.5833333333333334,0.3333333333333333,0.5833333333333334,0.5833333333333334,0.4166666666666667,0.6666666666666666,0.5833333333333334,0.5833333333333334,0.537037037037037,0.09711193038612514,46,0.7916666666666666,0.7708333333333334,0.7604166666666666,0.7708333333333334,0.7604166666666666,0.7395833333333334,0.7916666666666666,0.7708333333333334,0.7604166666666666,0.7685185185185186,0.015354744399793506
19,0.0011044078403049046,3.1155951421796106e-05,0.0004214180840386285,6.589168663800147e-06,1.0,rbf,100000,10.0,"{'C': 1.0, 'gamma': 10.0, 'kernel': 'rbf', 'max_iter': 100000}",0.5,0.5,0.5,0.5,0.5833333333333334,0.5833333333333334,0.5833333333333334,0.5833333333333334,0.5833333333333334,0.5462962962962963,0.041408666249996125,11,1.0,1.0,1.0,1.0,1.0,1.0,1.0,1.0,1.0,1.0,0.0
20,0.0011211236317952473,7.730605749872142e-05,0.0004317760467529297,1.402780397016081e-05,1.0,rbf,100000,1000.0,"{'C': 1.0, 'gamma': 1000.0, 'kernel': 'rbf', 'max_iter': 100000}",0.5,0.5,0.5,0.5,0.5833333333333334,0.5833333333333334,0.5833333333333334,0.5833333333333334,0.5833333333333334,0.5462962962962963,0.041408666249996125,11,1.0,1.0,1.0,1.0,1.0,1.0,1.0,1.0,1.0,1.0,0.0
21,0.000919342041015625,2.5611724303194942e-05,0.000429179933336046,5.8182215134054336e-05,100.0,rbf,100000,1e-09,"{'C': 100.0, 'gamma': 1e-09, 'kernel': 'rbf', 'max_iter': 100000}",0.5,0.5,0.5,0.5,0.5833333333333334,0.5833333333333334,0.5833333333333334,0.5833333333333334,0.5833333333333334,0.5462962962962963,0.041408666249996125,11,0.5520833333333334,0.5520833333333334,0.5520833333333334,0.5520833333333334,0.5416666666666666,0.5416666666666666,0.5416666666666666,0.5416666666666666,0.5416666666666666,0.5462962962962963,0.00517608328124955
22,0.0015138785044352214,0.0016498565826955022,0.00042745802137586806,2.567759228328791e-05,100.0,rbf,100000,1e-07,"{'C': 100.0, 'gamma': 1e-07, 'kernel': 'rbf', 'max_iter': 100000}",0.5,0.5,0.5,0.5,0.5833333333333334,0.5833333333333334,0.5833333333333334,0.5833333333333334,0.5833333333333334,0.5462962962962963,0.041408666249996125,11,0.5520833333333334,0.5520833333333334,0.5520833333333334,0.5520833333333334,0.5416666666666666,0.5416666666666666,0.5416666666666666,0.5416666666666666,0.5416666666666666,0.5462962962962963,0.00517608328124955
23,0.0009752909342447916,2.5243612839119796e-05,0.0004115369584825304,6.011053553128914e-06,100.0,rbf,100000,1e-05,"{'C': 100.0, 'gamma': 1e-05, 'kernel': 'rbf', 'max_iter': 100000}",0.5,0.5,0.5,0.5,0.5833333333333334,0.5833333333333334,0.5833333333333334,0.5833333333333334,0.5833333333333334,0.5462962962962963,0.041408666249996125,11,0.5520833333333334,0.5520833333333334,0.5520833333333334,0.5520833333333334,0.5416666666666666,0.5416666666666666,0.5416666666666666,0.5416666666666666,0.5416666666666666,0.5462962962962963,0.00517608328124955
24,0.0010326438479953343,7.26956260938838e-05,0.000408278571234809,1.1403793843448644e-05,100.0,rbf,100000,0.001,"{'C': 100.0, 'gamma': 0.001, 'kernel': 'rbf', 'max_iter': 100000}",0.3333333333333333,0.4166666666666667,0.5833333333333334,0.5,0.5833333333333334,0.3333333333333333,0.6666666666666666,0.6666666666666666,0.75,0.5370370370370371,0.1422434397753446,45,0.625,0.6875,0.6666666666666666,0.6145833333333334,0.6770833333333334,0.6666666666666666,0.6458333333333334,0.6770833333333334,0.6354166666666666,0.6550925925925927,0.024277982596531286
25,0.002383073170979818,0.0016134111321639262,0.00043927298651801213,8.672642077083482e-05,100.0,rbf,100000,0.1,"{'C': 100.0, 'gamma': 0.1, 'kernel': 'rbf', 'max_iter': 100000}",0.75,0.5833333333333334,0.4166666666666667,0.5,0.5833333333333334,0.5833333333333334,0.5,0.5,0.5833333333333334,0.5555555555555556,0.08784104611578832,5,1.0,1.0,1.0,1.0,1.0,1.0,1.0,1.0,1.0,1.0,0.0
26,0.0012029276953803168,2.15906306951049e-05,0.0004143714904785156,1.1075563096367774e-05,100.0,rbf,100000,10.0,"{'C': 100.0, 'gamma': 10.0, 'kernel': 'rbf', 'max_iter': 100000}",0.5,0.5,0.5,0.5,0.5833333333333334,0.5833333333333334,0.5833333333333334,0.5833333333333334,0.5833333333333334,0.5462962962962963,0.041408666249996125,11,1.0,1.0,1.0,1.0,1.0,1.0,1.0,1.0,1.0,1.0,0.0
27,0.0011991924709743923,8.440607198937992e-05,0.000415696038140191,2.2484531105148155e-05,100.0,rbf,100000,1000.0,"{'C': 100.0, 'gamma': 1000.0, 'kernel': 'rbf', 'max_iter': 100000}",0.5,0.5,0.5,0.5,0.5833333333333334,0.5833333333333334,0.5833333333333334,0.5833333333333334,0.5833333333333334,0.5462962962962963,0.041408666249996125,11,1.0,1.0,1.0,1.0,1.0,1.0,1.0,1.0,1.0,1.0,0.0
28,0.0008954472011990017,4.507011996561412e-05,0.0003991391923692491,9.496554123458846e-06,10000.0,rbf,100000,1e-09,"{'C': 10000.0, 'gamma': 1e-09, 'kernel': 'rbf', 'max_iter': 100000}",0.5,0.5,0.5,0.5,0.5833333333333334,0.5833333333333334,0.5833333333333334,0.5833333333333334,0.5833333333333334,0.5462962962962963,0.041408666249996125,11,0.5520833333333334,0.5520833333333334,0.5520833333333334,0.5520833333333334,0.5416666666666666,0.5416666666666666,0.5416666666666666,0.5416666666666666,0.5416666666666666,0.5462962962962963,0.00517608328124955
29,0.0009140703413221571,1.3374809807408838e-05,0.0003999339209662543,7.194915587907589e-06,10000.0,rbf,100000,1e-07,"{'C': 10000.0, 'gamma': 1e-07, 'kernel': 'rbf', 'max_iter': 100000}",0.5,0.5,0.5,0.5,0.5833333333333334,0.5833333333333334,0.5833333333333334,0.5833333333333334,0.5833333333333334,0.5462962962962963,0.041408666249996125,11,0.5520833333333334,0.5520833333333334,0.5520833333333334,0.5520833333333334,0.5416666666666666,0.5416666666666666,0.5416666666666666,0.5416666666666666,0.5416666666666666,0.5462962962962963,0.00517608328124955
30,0.001020616955227322,5.078841519209916e-05,0.0004107157389322917,1.5068439822084538e-05,10000.0,rbf,100000,1e-05,"{'C': 10000.0, 'gamma': 1e-05, 'kernel': 'rbf', 'max_iter': 100000}",0.3333333333333333,0.3333333333333333,0.6666666666666666,0.5,0.5833333333333334,0.3333333333333333,0.5,0.5833333333333334,0.6666666666666666,0.5,0.13028932666176193,54,0.6145833333333334,0.6666666666666666,0.6354166666666666,0.6145833333333334,0.5833333333333334,0.6458333333333334,0.59375,0.625,0.625,0.6226851851851852,0.023944630631455077
31,0.008795075946384005,0.002982570573847908,0.0008538034227159289,0.0011560004182946915,10000.0,rbf,100000,0.001,"{'C': 10000.0, 'gamma': 0.001, 'kernel': 'rbf', 'max_iter': 100000}",0.5833333333333334,0.6666666666666666,0.6666666666666666,0.5,0.5833333333333334,0.4166666666666667,0.5,0.75,0.4166666666666667,0.5648148148148148,0.10955703302036325,3,0.8229166666666666,0.8020833333333334,0.8020833333333334,0.8020833333333334,0.8541666666666666,0.8645833333333334,0.84375,0.8020833333333334,0.8229166666666666,0.8240740740740741,0.02326360097481686
32,0.001745250489976671,0.00036670907091362003,0.0003840128580729167,8.18377536891683e-06,10000.0,rbf,100000,0.1,"{'C': 10000.0, 'gamma': 0.1, 'kernel': 'rbf', 'max_iter': 100000}",0.75,0.5833333333333334,0.4166666666666667,0.5,0.5833333333333334,0.5833333333333334,0.5,0.5,0.5833333333333334,0.5555555555555556,0.08784104611578832,5,1.0,1.0,1.0,1.0,1.0,1.0,1.0,1.0,1.0,1.0,0.0
33,0.0012170208825005426,2.7939906776725506e-05,0.00041596094767252606,1.3674875362547201e-05,10000.0,rbf,100000,10.0,"{'C': 10000.0, 'gamma': 10.0, 'kernel': 'rbf', 'max_iter': 100000}",0.5,0.5,0.5,0.5,0.5833333333333334,0.5833333333333334,0.5833333333333334,0.5833333333333334,0.5833333333333334,0.5462962962962963,0.041408666249996125,11,1.0,1.0,1.0,1.0,1.0,1.0,1.0,1.0,1.0,1.0,0.0
34,0.0012279616461859809,5.613069806089876e-05,0.00042743153042263456,2.557909708623827e-05,10000.0,rbf,100000,1000.0,"{'C': 10000.0, 'gamma': 1000.0, 'kernel': 'rbf', 'max_iter': 100000}",0.5,0.5,0.5,0.5,0.5833333333333334,0.5833333333333334,0.5833333333333334,0.5833333333333334,0.5833333333333334,0.5462962962962963,0.041408666249996125,11,1.0,1.0,1.0,1.0,1.0,1.0,1.0,1.0,1.0,1.0,0.0
35,0.000934441884358724,6.981391055370786e-05,0.00040258301628960506,6.164257545069164e-06,1000000.0,rbf,100000,1e-09,"{'C': 1000000.0, 'gamma': 1e-09, 'kernel': 'rbf', 'max_iter': 100000}",0.5,0.5,0.5,0.5,0.5833333333333334,0.5833333333333334,0.5833333333333334,0.5833333333333334,0.5833333333333334,0.5462962962962963,0.041408666249996125,11,0.5520833333333334,0.5520833333333334,0.5520833333333334,0.5520833333333334,0.5416666666666666,0.5416666666666666,0.5416666666666666,0.5416666666666666,0.5416666666666666,0.5462962962962963,0.00517608328124955
36,0.0010202725728352864,2.2331732164616245e-05,0.0004096561008029514,1.3890609067743769e-05,1000000.0,rbf,100000,1e-07,"{'C': 1000000.0, 'gamma': 1e-07, 'kernel': 'rbf', 'max_iter': 100000}",0.4166666666666667,0.3333333333333333,0.5833333333333334,0.5,0.6666666666666666,0.3333333333333333,0.5833333333333334,0.5833333333333334,0.6666666666666666,0.5185185185185186,0.12283795519834814,50,0.625,0.6354166666666666,0.625,0.6145833333333334,0.6041666666666666,0.625,0.5625,0.59375,0.5833333333333334,0.6076388888888888,0.02250257186947173
37,0.013793309529622396,0.00646703949030373,0.0004971027374267578,3.0494803964300264e-05,1000000.0,rbf,100000,1e-05,"{'C': 1000000.0, 'gamma': 1e-05, 'kernel': 'rbf', 'max_iter': 100000}",0.5,0.5,0.75,0.5833333333333334,0.4166666666666667,0.4166666666666667,0.75,0.8333333333333334,0.5833333333333334,0.5925925925925926,0.14404027024170413,1,0.71875,0.7083333333333334,0.7291666666666666,0.71875,0.7395833333333334,0.7395833333333334,0.6875,0.6875,0.71875,0.7164351851851852,0.01822687007873105
38,0.04558428128560384,0.011548886594806533,0.00034300486246744793,4.173649471760077e-05,1000000.0,rbf,100000,0.001,"{'C': 1000000.0, 'gamma': 0.001, 'kernel': 'rbf', 'max_iter': 100000}",0.75,0.5,0.6666666666666666,0.6666666666666666,0.5,0.4166666666666667,0.5,0.5833333333333334,0.4166666666666667,0.5555555555555556,0.11111111111111109,5,0.9895833333333334,0.9895833333333334,0.9895833333333334,0.96875,0.9895833333333334,0.9791666666666666,0.9791666666666666,0.9375,0.9791666666666666,0.9780092592592591,0.01586957083426169
39,0.0016857518090142144,0.00025170418770687137,0.0003866884443495009,4.153115760890212e-05,1000000.0,rbf,100000,0.1,"{'C': 1000000.0, 'gamma': 0.1, 'kernel': 'rbf', 'max_iter': 100000}",0.75,0.5833333333333334,0.4166666666666667,0.5,0.5833333333333334,0.5833333333333334,0.5,0.5,0.5833333333333334,0.5555555555555556,0.08784104611578832,5,1.0,1.0,1.0,1.0,1.0,1.0,1.0,1.0,1.0,1.0,0.0
40,0.0013020568423801,0.00013912112949534034,0.00042756398518880207,1.214245430932635e-05,1000000.0,rbf,100000,10.0,"{'C': 1000000.0, 'gamma': 10.0, 'kernel': 'rbf', 'max_iter': 100000}",0.5,0.5,0.5,0.5,0.5833333333333334,0.5833333333333334,0.5833333333333334,0.5833333333333334,0.5833333333333334,0.5462962962962963,0.041408666249996125,11,1.0,1.0,1.0,1.0,1.0,1.0,1.0,1.0,1.0,1.0,0.0
41,0.0012759632534450954,0.00010052489181161627,0.0004303455352783203,1.978092090111293e-05,1000000.0,rbf,100000,1000.0,"{'C': 1000000.0, 'gamma': 1000.0, 'kernel': 'rbf', 'max_iter': 100000}",0.5,0.5,0.5,0.5,0.5833333333333334,0.5833333333333334,0.5833333333333334,0.5833333333333334,0.5833333333333334,0.5462962962962963,0.041408666249996125,11,1.0,1.0,1.0,1.0,1.0,1.0,1.0,1.0,1.0,1.0,0.0
42,0.0008149147033691406,4.9715212757780334e-05,0.0004029009077284071,1.4760762945148665e-05,100000000.0,rbf,100000,1e-09,"{'C': 100000000.0, 'gamma': 1e-09, 'kernel': 'rbf', 'max_iter': 100000}",0.5,0.4166666666666667,0.4166666666666667,0.5833333333333334,0.5833333333333334,0.25,0.5833333333333334,0.3333333333333333,0.4166666666666667,0.4537037037037038,0.11188005531106086,56,0.53125,0.5833333333333334,0.5416666666666666,0.5416666666666666,0.4895833333333333,0.5416666666666666,0.5729166666666666,0.5208333333333334,0.5,0.5358796296296297,0.028679425216120064
43,0.0024794472588433158,0.0006502226267208438,0.00042549769083658856,2.6815466592793448e-05,100000000.0,rbf,100000,1e-07,"{'C': 100000000.0, 'gamma': 1e-07, 'kernel': 'rbf', 'max_iter': 100000}",0.5,0.5,0.5,0.6666666666666666,0.4166666666666667,0.3333333333333333,0.5,0.6666666666666666,0.75,0.537037037037037,0.12491423669659298,46,0.6770833333333334,0.6458333333333334,0.5729166666666666,0.6875,0.6145833333333334,0.6666666666666666,0.6354166666666666,0.65625,0.5729166666666666,0.6365740740740741,0.039724542365116945
44,0.02462336752149794,0.005739359972250693,0.0004216300116644965,8.027585864431742e-05,100000000.0,rbf,100000,1e-05,"{'C': 100000000.0, 'gamma': 1e-05, 'kernel': 'rbf', 'max_iter': 100000}",0.5833333333333334,0.5833333333333334,0.75,0.5833333333333334,0.4166666666666667,0.5,0.5833333333333334,0.5,0.5833333333333334,0.5648148148148148,0.08586683792125652,3,0.6458333333333334,0.65625,0.6354166666666666,0.75,0.6145833333333334,0.6145833333333334,0.6458333333333334,0.6354166666666666,0.5104166666666666,0.6342592592592593,0.05798599560127477
45,0.041765186521742076,0.0018649049455430886,0.00033293830023871525,1.4097020815711072e-05,100000000.0,rbf,100000,0.001,"{'C': 100000000.0, 'gamma': 0.001, 'kernel': 'rbf', 'max_iter': 100000}",0.75,0.5833333333333334,0.5833333333333334,0.5833333333333334,0.5,0.4166666666666667,0.4166666666666667,0.5833333333333334,0.5,0.5462962962962963,0.09711193038612514,11,1.0,1.0,1.0,0.9895833333333334,1.0,1.0,1.0,0.9791666666666666,0.9895833333333334,0.9953703703703705,0.007134738429362244
46,0.00156198607550727,0.0002619530367233485,0.000375774171617296,5.051654608770361e-05,100000000.0,rbf,100000,0.1,"{'C': 100000000.0, 'gamma': 0.1, 'kernel': 'rbf', 'max_iter': 100000}",0.75,0.5833333333333334,0.4166666666666667,0.5,0.5833333333333334,0.5833333333333334,0.5,0.5,0.5833333333333334,0.5555555555555556,0.08784104611578832,5,1.0,1.0,1.0,1.0,1.0,1.0,1.0,1.0,1.0,1.0,0.0
47,0.0012141598595513238,4.573842402116731e-05,0.00042184193929036457,2.0778467557886068e-05,100000000.0,rbf,100000,10.0,"{'C': 100000000.0, 'gamma': 10.0, 'kernel': 'rbf', 'max_iter': 100000}",0.5,0.5,0.5,0.5,0.5833333333333334,0.5833333333333334,0.5833333333333334,0.5833333333333334,0.5833333333333334,0.5462962962962963,0.041408666249996125,11,1.0,1.0,1.0,1.0,1.0,1.0,1.0,1.0,1.0,1.0,0.0
48,0.0012452072567409938,5.618014842769343e-05,0.0004413922627766927,2.1020533832691968e-05,100000000.0,rbf,100000,1000.0,"{'C': 100000000.0, 'gamma': 1000.0, 'kernel': 'rbf', 'max_iter': 100000}",0.5,0.5,0.5,0.5,0.5833333333333334,0.5833333333333334,0.5833333333333334,0.5833333333333334,0.5833333333333334,0.5462962962962963,0.041408666249996125,11,1.0,1.0,1.0,1.0,1.0,1.0,1.0,1.0,1.0,1.0,0.0
49,0.0007410314348008898,4.275321423368367e-05,0.00037089983622233075,1.5245123545434358e-05,10000000000.0,rbf,100000,1e-09,"{'C': 10000000000.0, 'gamma': 1e-09, 'kernel': 'rbf', 'max_iter': 100000}",0.5,0.4166666666666667,0.5,0.5833333333333334,0.5833333333333334,0.25,0.75,0.3333333333333333,0.4166666666666667,0.48148148148148145,0.14042361933428799,55,0.46875,0.5729166666666666,0.5833333333333334,0.5833333333333334,0.4895833333333333,0.5208333333333334,0.6041666666666666,0.5208333333333334,0.5,0.5381944444444444,0.045801756799558745
50,0.0029302173190646702,0.0007168713247143858,0.00040030479431152344,2.5224089740651753e-05,10000000000.0,rbf,100000,1e-07,"{'C': 10000000000.0, 'gamma': 1e-07, 'kernel': 'rbf', 'max_iter': 100000}",0.4166666666666667,0.4166666666666667,0.5833333333333334,0.5833333333333334,0.5833333333333334,0.3333333333333333,0.6666666666666666,0.6666666666666666,0.6666666666666666,0.5462962962962963,0.11857637476727496,11,0.6458333333333334,0.65625,0.65625,0.5833333333333334,0.6145833333333334,0.6666666666666666,0.6145833333333334,0.5833333333333334,0.5833333333333334,0.6226851851851852,0.03248997418430137
51,0.029292742411295574,0.00800498317782661,0.00039074156019422744,5.6217310643502235e-05,10000000000.0,rbf,100000,1e-05,"{'C': 10000000000.0, 'gamma': 1e-05, 'kernel': 'rbf', 'max_iter': 100000}",0.5,0.3333333333333333,0.6666666666666666,0.5833333333333334,0.5,0.5833333333333334,0.5833333333333334,0.5833333333333334,0.5833333333333334,0.5462962962962963,0.08881169487616147,11,0.65625,0.7083333333333334,0.6875,0.6979166666666666,0.5104166666666666,0.6770833333333334,0.6041666666666666,0.6354166666666666,0.6145833333333334,0.6435185185185185,0.05826255994746862
52,0.04172696007622613,0.0020311061929151955,0.00032777256435818144,9.430035193868937e-06,10000000000.0,rbf,100000,0.001,"{'C': 10000000000.0, 'gamma': 0.001, 'kernel': 'rbf', 'max_iter': 100000}",0.75,0.5833333333333334,0.5833333333333334,0.5833333333333334,0.5,0.4166666666666667,0.4166666666666667,0.5833333333333334,0.5,0.5462962962962963,0.09711193038612514,11,1.0,1.0,1.0,0.9895833333333334,1.0,1.0,1.0,0.9791666666666666,0.9895833333333334,0.9953703703703705,0.007134738429362244
53,0.0014807913038465711,0.0002850034913143625,0.00036340289645724825,5.760732947384009e-05,10000000000.0,rbf,100000,0.1,"{'C': 10000000000.0, 'gamma': 0.1, 'kernel': 'rbf', 'max_iter': 100000}",0.75,0.5833333333333334,0.4166666666666667,0.5,0.5833333333333334,0.5833333333333334,0.5,0.5,0.5833333333333334,0.5555555555555556,0.08784104611578832,5,1.0,1.0,1.0,1.0,1.0,1.0,1.0,1.0,1.0,1.0,0.0
54,0.001180092493693034,1.6368708341470718e-05,0.0004104508293999566,9.216187020135365e-06,10000000000.0,rbf,100000,10.0,"{'C': 10000000000.0, 'gamma': 10.0, 'kernel': 'rbf', 'max_iter': 100000}",0.5,0.5,0.5,0.5,0.5833333333333334,0.5833333333333334,0.5833333333333334,0.5833333333333334,0.5833333333333334,0.5462962962962963,0.041408666249996125,11,1.0,1.0,1.0,1.0,1.0,1.0,1.0,1.0,1.0,1.0,0.0
55,0.0012386375003390843,3.215632922892656e-05,0.000436862309773763,3.501282340833204e-05,10000000000.0,rbf,100000,1000.0,"{'C': 10000000000.0, 'gamma': 1000.0, 'kernel': 'rbf', 'max_iter': 100000}",0.5,0.5,0.5,0.5,0.5833333333333334,0.5833333333333334,0.5833333333333334,0.5833333333333334,0.5833333333333334,0.5462962962962963,0.041408666249996125,11,1.0,1.0,1.0,1.0,1.0,1.0,1.0,1.0,1.0,1.0,0.0
